name,price,quantity,rating,availablility,Seller Name,product link,image link
GoGo squeeZ Organic Fruit on the Go Variety Pack Apple/Banana/Strawberry 3.2 oz. (12 Pouches) - Made from Organic Apples Bananas & Strawberries - Gluten Free Snacks - Nut & Dairy Free - Vegan Snack,NA,1,4.8 out of 5 stars,Temporarily out of stock.,"
",https://www.amazon.com/GoGo-Applesauce-Strawberry-Unsweetened-Recloseable/dp/B07C341MRK,https://m.media-amazon.com/images/I/81dKRjAmd9L._SX425_.jpg
By The Cup Rainbow Sprinkles Intended for and Includes 4 Pineapple Lactose-Free Soft Serve Mix 4.4 Pound Bulk Bags,NA,1,4.7 out of 5 stars,Currently unavailable.,"
",https://www.amazon.com/Pineapple-Lactose-Free-Cup-Rainbow-Sprinkles/dp/B07S3YPFH4,"https://m.media-amazon.com/images/I/813dnUvaaML._SX385_PIbundle-4,TopRight,0,0_SX385SY347SH20_.jpg"
Jungle Powders Raspberry Powder 3.5oz Powdered Unsweetened Freeze Dried Raspberries Additive Filler and GMO Free Red Superfood Extract for Baking,NA,1,4.6 out of 5 stars,Currently unavailable.,"
",https://www.amazon.com/Jungle-Powders-Raspberry-Superfood-Concentrate/dp/B089QCDHBN,https://m.media-amazon.com/images/I/71UhMdnlkIL._SY606_.jpg
Phytochemical analysis of avocado seeds (Persea americana Mill. c.v. Hass),NA,1,Previous page,NA,amazon,https://www.amazon.com/Phytochemical-analysis-avocado-Persea-americana/dp/3867273898,NA
South Organic Fruits Organic Apple Honeycrisp 48 Ounce Bag,NA,1,4.6 out of 5 stars,,"
",https://www.amazon.com/Apple-Honeycrisp-Bag-Organic-Pound/dp/B07FYG33SB,https://m.media-amazon.com/images/I/71EqiziCOZL._SX385_.jpg
Dried Dark Sweet Cherries 1lb Bag Unsweetened No Added Sugar Sunrise Fresh Dried Fruit Co.,NA,1,4.5 out of 5 stars,Currently unavailable.,"
",https://www.amazon.com/Dried-Sweet-Cherries-Unsweetened-Sunrise/dp/B08JWR4M3F,https://m.media-amazon.com/images/I/71cXyVb+wlL._SY606_.jpg
RED SEEDLESS GRAPES FRESH PRODUCE FRUIT PER POUND,NA,1,3.7 out of 5 stars,,"
",https://www.amazon.com/SEEDLESS-GRAPES-FRESH-PRODUCE-FRUIT/dp/B007OC481E,https://m.media-amazon.com/images/I/41WiNK6X40L._SX385_.jpg
Grape Green Seedless Organic 16 Ounce,21.99,1,4.5 out of 5 stars,NA,amazon,https://www.amazon.com/Grape-Green-Whole-Guarantee-Organic/dp/B07DF4F4Z9,https://m.media-amazon.com/images/I/71ypUikPxHL._SX342_.jpg
CASABLANCA MARKET Moroccan Preserved Lemons – Authentic Moroccan Preserved Lemons in Jar – Whole Non-GMO Preserved Lemon – Preserved Lemons for Couscous or Tagine Pot for Moroccan Cooking (13oz),15.98,1,4.4 out of 5 stars,NA,amazon,https://www.amazon.com/Casablanca-Market-Preserved-Lemons-Grams/dp/B0189VC0LI,https://m.media-amazon.com/images/I/716FPd1RPrS._SX679_.jpg
Satsuma Mandarins - 2.5 lb,NA,1,3.4 out of 5 stars,,"
",https://www.amazon.com/Satsuma-Mandarins-2-5-lb/dp/B00481ZSXG,https://m.media-amazon.com/images/I/51VL-3vHUQL._SX342_.jpg
GRANNY SMITH APPLES FRESH PRODUCE FRUIT 3 POUND BAG,NA,1,3.5 out of 5 stars,,"
",https://www.amazon.com/GRANNY-SMITH-APPLES-FRESH-PRODUCE/dp/B01A27X1EC,https://m.media-amazon.com/images/I/31LJjE4BA8L.jpg
Organic Berries Paradise Mix 1 Pound – A Blend of Non-GMO Dried Cranberries Blueberries Strawberries Elderberries Goji Berries Golden Berries and Mulberries. Unsulfured Kosher,18.99,1,4.7 out of 5 stars,NA,amazon,https://www.amazon.com/Organic-Berries-Paradise-Mix-Pound/dp/B09M4Y55N9,https://m.media-amazon.com/images/I/81V28+4on2L._SY445_.jpg
Oregon Fruit Pie Cherries Red Tart 14.5-Ounce (Pack of 4),NA,1,4.7 out of 5 stars,,"
",https://www.amazon.com/Oregon-Fruit-Cherries-Tart-14-5-Ounce/dp/B0047Z0T14,"https://m.media-amazon.com/images/I/61SDksxhviL._SX466_PIbundle-4,TopRight,0,0_AA466SH20_.jpg"
Bailcast CVS18 Universal Split Constant Velocity Gaiter,NA,1,3.7 out of 5 stars,Currently unavailable.,"
",https://www.amazon.com/Bailcast-CVS18-Universal-Constant-Velocity/dp/B0080DLLIY,https://m.media-amazon.com/images/I/71l+S02Vx-L._AC_SX569_.jpg
Cherry Bay Orchards - Dried Blueberries - Pack of Two 6oz Bags (Total 12oz) - 100% Domestic Natural Kosher Certified Gluten-Free and GMO Free - Packed in a Resealable Pouch,NA,1,4.5 out of 5 stars,Currently unavailable.,"
",https://www.amazon.com/Cherry-Bay-Orchards-Blueberries-Gluten-Free/dp/B08BX6ZQ6H,"https://m.media-amazon.com/images/I/41WFiJU07eL._PIbundle-2,TopRight,0,0_SX406SY273SH20_.jpg"
Jungle Powders Raspberry Powder 3.5oz Powdered Unsweetened Freeze Dried Raspberries Additive Filler and GMO Free Red Superfood Extract for Baking,NA,1,4.6 out of 5 stars,Currently unavailable.,"
",https://www.amazon.com/Jungle-Powders-Raspberry-Superfood-Concentrate/dp/B089QCDHBN,https://m.media-amazon.com/images/I/71UhMdnlkIL._SY606_.jpg
Fresh Organic Fuji Apples 4 Pounds,NA,1,3.5 out of 5 stars,,"
",https://www.amazon.com/Fresh-Organic-Fuji-Apples-Pounds/dp/B08LNYQ9KP,https://m.media-amazon.com/images/I/61bzznd+n+L._SX679_.jpg
CeraVe Vitamin C Serum with Hyaluronic Acid | Skin Brightening Serum for Face with 10% Pure Vitamin C | Fragrance Free | 1 Fl. Oz,21.92,1,4.5 out of 5 stars,In Stock.,amazon,https://www.amazon.com/CeraVe-Vitamin-Hyaluronic-Brightening-Fragrance/dp/B07PNCCLD2,https://m.media-amazon.com/images/I/71NSJNcfK9L._SY355_.jpg
Dang Toasted Coconut Chips | Original | 1 Pack | Vegan Gluten Free Non GMO Healthy Snacks Made with Whole Foods | 3.17 Oz Resealable Bag,NA,1,4.4 out of 5 stars,Currently unavailable.,"
",https://www.amazon.com/Gluten-Toasted-Coconut-Original-3-17oz/dp/B009P2IUZQ,https://m.media-amazon.com/images/I/71VE78PhFUL._SX679_.jpg
The Hass Haus Avocados Fresh Hass 12 pack Keto and Paleo Diet Friendly,44.75,1,Previous page of related Sponsored Products,NA,amazon,https://www.amazon.com/Hass-Haus-Avocados-Fresh-Friendly/dp/B09L2FXRNG,"https://m.media-amazon.com/images/I/61yrVJ91f2L._SX425_PIbundle-12,TopRight,0,0_SX425SY239SH20_.jpg"
10 Snowball Melon Seeds | Hard to Find- Ships from Iowa USA - Snow Leopard Melon Seeds,NA,1,5.0 out of 5 stars,Currently unavailable.,"
",https://www.amazon.com/Snowball-Melon-Seeds-Find-Ships/dp/B09TYS6Y7P,https://m.media-amazon.com/images/I/81+GOXyU2bL._AC_SY550_.jpg
DEL MONTE Diced Peaches FRUIT CUP Snacks in 100% Fruit Juice 12 Pack 4 oz,NA,1,4.7 out of 5 stars,Temporarily out of stock.,"
",https://www.amazon.com/Del-Monte-Peaches-Plastic-Family/dp/B07FSYJS52,"https://m.media-amazon.com/images/I/81D0Y3N-MlL._SX342_PIbundle-12,TopRight,0,0_AA342SH20_.jpg"
Unsweetened Dried Mango Slices - Delicious Texture Soft & Juicy Low Sugar Added Dried Mango - Naturally Ripened Mangos -Gluten Free Dry Mangoes Natural Source of Vitamin C Fiber (16 Oz Dried Mango),NA,1,4.5 out of 5 stars,Currently unavailable.,"
",https://www.amazon.com/Dried-Mango-Strips-Juicy-SUGAR/dp/B07Y2FY2C6,https://m.media-amazon.com/images/I/81OZeTxzy2L._SX466_.jpg
SmileMore Pinalim Tea/Te de Pinalim Mexican Version- Pineapple Flax Green Tea White Tea - 30 Day Supply,8.93,1,4.5 out of 5 stars,NA,amazon,https://www.amazon.com/Pinalim-Mexican-Version-Pineapple-Green/dp/B01N1T0EGN,https://m.media-amazon.com/images/I/81EqVO9tHsL._SX425_.jpg
Dried Blueberries 2 lbsWholeCultivated Resealable Bag Great for Salads Mixes Cooking and Baking,NA,1,4.5 out of 5 stars,Currently unavailable.,"
",https://www.amazon.com/Blueberries-Cultivated-Resealable-Cooking-Baking/dp/B07BFKW4MW,https://m.media-amazon.com/images/I/91GlbL09QaL._SY679_.jpg
Zevia Zero Calorie Soda Rainbow Variety Pack 12 Ounce Cans (Pack of 24),NA,1,4.2 out of 5 stars,Currently unavailable.,"
",https://www.amazon.com/Zevia-Calorie-Naturally-Sweetened-Favorites/dp/B00ZK6KUUY,"https://m.media-amazon.com/images/I/81yDQA8JG9L._SX466_PIbundle-24,TopRight,0,0_SX466SY177SH20_.jpg"
1 Ruby Red Seedless Live Grape Plant - 1-2 Year Old - Pruned & Ready for Planting,NA,1,4.6 out of 5 stars,,"
",https://www.amazon.com/Ruby-Seedless-Live-Grape-Plant/dp/B08RNF88V7,https://m.media-amazon.com/images/I/51KhCzGXDhL._AC_SX466_.jpg
Navitas Organics Goldenberries Organic Non-GMO Sun-Dried Sulfite-Free 8 Ounce,17.16,1,4.5 out of 5 stars,NA,amazon,https://www.amazon.com/Navitas-Organics-Goldenberries-8-Ounce/dp/B06XGBMHHZ,https://m.media-amazon.com/images/I/41DBEnQc5SL._SX342_.jpg
Stylus Pen for iPad with Palm Rejection Tilt Compatible with Apple Pencil 2nd Generation iPad Air 3rd/4th/5th iPad Mini 5th/6th iPad 6th/7th/8th/9th Generation iPad Pro 11/12.9-inch(2018-2022),27.96,1,Previous page of related Sponsored Products,NA,amazon,https://www.amazon.com/Rejection-Compatible-Generation-12-9-inch-2018-2022/dp/B0B9B6F5FF,https://m.media-amazon.com/images/I/51C5PcAqu2L._AC_SY450_.jpg
MOM Nutrix CoQ10 500mg – Maximum Strength Heart Health and Cellular Energy Production Support – Best Absorption with Bioperine – 150 Softgels – Water and Fat Soluble – Made in USA,NA,1,4.5 out of 5 stars,Currently unavailable.,"
",https://www.amazon.com/MOM-Nutrix-CoQ10-500mg-Production/dp/B099KNTD5T,https://m.media-amazon.com/images/I/713r7G3mVIL._AC_SY550_.jpg
42 Pack - 6 Ounce Clear Plastic Vented Berry Containers with Clamshell Lids - For Blueberries Raspberries Blackberries,19.97,1,Previous page of related Sponsored Products,NA,amazon,https://www.amazon.com/Pack-Containers-Blueberries-Raspberries-Blackberries/dp/B0B88VNMJZ,https://m.media-amazon.com/images/I/71g01+3v1qL._AC_SX679_.jpg
California Navel Oranges Premium 4 Lb,NA,1,3.6 out of 5 stars,,"
",https://www.amazon.com/California-Navel-Oranges-Premium-Lb/dp/B007EHX5KO,https://m.media-amazon.com/images/I/31Uwjy3OOdL.jpg
Presto Sales Dried Apple Cubes 80 oz | All Natural Dried Fruit Snack | Vegan Non-GMO Dehydrated Fruit | Packed Fresh in 5 lbs bag,NA,1,4.2 out of 5 stars,Currently unavailable.,"
",https://www.amazon.com/Apple-Chopped-Fresh-Presto-Sales/dp/B07FS4V3WT,https://m.media-amazon.com/images/I/71nspRAms7L._SX385_.jpg
Purely Organic Watermelon Seeds (Crimson Sweet) - Approx 15 Seeds - Certified Organic Non-GMO Open Pollinated Heirloom USA Origin,NA,1,4.3 out of 5 stars,Currently unavailable.,"
",https://www.amazon.com/Purely-Organic-Heirloom-Watermelon-Crimson/dp/B08YT9S43T,https://m.media-amazon.com/images/I/71wFShP+INL._AC_SY450_.jpg
Just A Girl Who Love Gala Apples: Perfect Gala Apples Notebook Journal  Blank Lined Gala Apples Notebook Journal Gifts for Man Women and Girls Gift ... Birthday Gift Journal For Girl.Vol-3,6.5,1,Previous page,In Stock.,amazon,https://www.amazon.com/Just-Girl-Love-Gala-Apples/dp/B08RRMS8BR,NA
BLACK SEEDLESS GRAPES FRESH PRODUCE FRUIT PER POUND,NA,1,3.9 out of 5 stars,,"
",https://www.amazon.com/BLACK-SEEDLESS-GRAPES-FRESH-PRODUCE/dp/B007S96HY4,https://m.media-amazon.com/images/I/310xQYyWALL.jpg
GoGo squeeZ Organic Fruit on the Go Variety Pack Apple/Banana/Strawberry 3.2 oz. (12 Pouches) - Made from Organic Apples Bananas & Strawberries - Gluten Free Snacks - Nut & Dairy Free - Vegan Snack,NA,1,4.8 out of 5 stars,Temporarily out of stock.,"
",https://www.amazon.com/GoGo-Applesauce-Strawberry-Unsweetened-Recloseable/dp/B07C341MRK,https://m.media-amazon.com/images/I/81dKRjAmd9L._SX425_.jpg
Sweet Seedless Green Grape Tree Fresh Cutting Vine with Pot,NA,1,NA,Currently unavailable.,"
",https://www.amazon.com/Sweet-Seedless-Green-Grape-Cutting/dp/B09XDR2BM6,https://m.media-amazon.com/images/I/61XXUEzkl0S._AC_SY741_.jpg
Canned Sparkling Water Variety Pack I Enhanced with flavors only derived from hemp I Cherry Abacus lineage Cherry Kush I Lemon Abacus lineage Lemon Haze I Abacus Diesel linage OG Kush,9.0,1,4.7 out of 5 stars,NA,amazon,https://www.amazon.com/Sparkling-Variety-Enhanced-flavors-Diesel/dp/B09RVJP8ZW,"https://m.media-amazon.com/images/I/51n1XXTMgoL._SX385_PIbundle-3,TopRight,0,0_AA385SH20_.jpg"
PLANTERS Honey Roasted Peanuts 16 oz. Resealable Jar | Flavored Peanuts with a Sweet Honey Coating & Sea Salt | Wholesome Snacking | Kosher,NA,1,4.7 out of 5 stars,Currently unavailable.,"
",https://www.amazon.com/PLANTERS-Resealable-Flavored-Wholesome-Snacking/dp/B0014CZUNK,https://m.media-amazon.com/images/I/81JQ-lanIyL._SY741_.jpg
Fancy Dried Fruits- Dried Fuji Apple Rings 3 lb by Green Bulk,NA,1,4.1 out of 5 stars,,"
",https://www.amazon.com/Fancy-Dried-Fruits-Green-Bulk/dp/B00GDKCPMM,https://m.media-amazon.com/images/I/71isA0Gfj9L._SY606_.jpg
Dried Fruit & Nuts Gift Basket in Reusable Wood Tray + Green Ribbon (12 Assortments) Rosh Hashanah Gourmet Bouquet Arrangement Platter Birthday Care Package Healthy Food Kosher Snack Box,NA,1,4.2 out of 5 stars,Currently unavailable.,"
",https://www.amazon.com/Assortment-Arrangement-Platter-Birthday-Families/dp/B0813ZQQL6,https://m.media-amazon.com/images/I/91fdgL3aHeL._SX522_.jpg
"Sour Punch Sour Punch Twists 3"" Individually Wrapped Chewy Candy 4 Fruity Flavors 2.59 LB Jar 210 Count",NA,1,4.7 out of 5 stars,,"
",https://www.amazon.com/Sour-Punch-Individually-Wrapped-Flavors/dp/B07R5PQ29D,https://m.media-amazon.com/images/I/91NfDPJ4xPL._SX522_.jpg
Oh! Nuts Jumbo Dried Pears | 2lb Bulk Bag Fresh California Sun Dried Sliced Bartlett Pears for Snacking & Baking | No Sugar Added Low Sodium Dairy Free Low Cholesterol Low Fat & High Fiber Fruits,NA,1,4.2 out of 5 stars,Currently unavailable.,"
",https://www.amazon.com/Oh-Nuts-California-Bartlett-Cholesterol/dp/B088P7BH85,https://m.media-amazon.com/images/I/91LXCnTsTpL._SX385_.jpg
Honest Kids Apple Juice Drink 6 Fl Oz (Pack of 8),NA,1,4.7 out of 5 stars,,"
",https://www.amazon.com/Honest-Kids-Apple-Juice-Drink/dp/B07YSJT8TQ,"https://m.media-amazon.com/images/I/41A-DDCRfjS._SX425_PIbundle-8,TopRight,0,0_SX425SY222SH20_.jpg"
TruSkin Vitamin C Serum for Face Anti Aging Serum with Hyaluronic Acid Vitamin E Organic Aloe Vera and Jojoba Oil Hydrating & Brightening Serum for Dark Spots Fine Lines and Wrinkles 1 fl oz,29.99,1,4.3 out of 5 stars,NA,amazon,https://www.amazon.com/TruSkin-Naturals-Vitamin-Topical-Hyaluronic/dp/B01M4MCUAF,https://m.media-amazon.com/images/I/612egvp4sdL._SX466_.jpg
HAUTMEC 4 Way Sillcock Key PL0028,6.99,1,4.7 out of 5 stars,NA,amazon,https://www.amazon.com/HAUTMEC-Way-Sillcock-Key-PL0028/dp/B071JNZ772,https://m.media-amazon.com/images/I/71MPTLTFBrL._AC_SX569_.jpg
Gum Drops Jelly Candy 2Lbs,NA,1,4.2 out of 5 stars,Currently unavailable.,"
",https://www.amazon.com/Gum-Drops-Jelly-Candy-2Lbs/dp/B005MH6URI,https://m.media-amazon.com/images/I/915V6Zww1vL._SX569_.jpg
New Inspirational Orgonite Pyramid for Success | Rainbow Moonstone Orgone Pyramid for Anti-stress - Calmness – Growth – Strength – Healing Crystal Gemstone Pyramid,NA,1,4.6 out of 5 stars,NA,amazon,https://www.amazon.com/Inspirational-Orgonite-Pyramid-Moonstone-Anti-stress/dp/B07QPXSP8R,https://m.media-amazon.com/images/I/81ev8Sp5VES._SY500_.jpg
15 Pieces Kraft Boxes Rectangle Drawer Boxes Mini Crafts Cardboard Present Boxes Present Packaging Boxes for Business Soap Jewelry Candy Weeding Party Favors (Black5.9 x 3.1 x 1.6 Inch),17.99,1,4.1 out of 5 stars,NA,amazon,https://www.amazon.com/Cardboard-Present-Packaging-Business-Jewelry/dp/B08Y34JTSY,https://m.media-amazon.com/images/I/71nE6G5BryL._AC_SY450_.jpg
STRAWBERRIES GROWN FRESH PRODUCE FRUIT VEGETABLES PER POUND,NA,1,2.7 out of 5 stars,,"
",https://www.amazon.com/STRAWBERRIES-GROWN-FRESH-PRODUCE-VEGETABLES/dp/B0082WMM7C,https://m.media-amazon.com/images/I/71Cfp51ZuzL._SX385_.jpg
Simple Mills Almond Flour Crackers Fine Ground Sea Salt Snack Packs - Gluten Free Vegan Healthy Snacks 4.9 Ounce (Pack of 1),NA,1,4.5 out of 5 stars,Currently unavailable.,"
",https://www.amazon.com/Simple-Mills-Almond-Cracker-Naturally/dp/B07CPW2SZL,https://m.media-amazon.com/images/I/715ksKc4JMS._SX425_.jpg
Liquid I.V. Hydration Multiplier - Passion Fruit - Hydration Powder Packets | Electrolyte Drink Mix | Easy Open Single-Serving Stick | Non-GMO | 16 Sticks,24.49,1,4.7 out of 5 stars,NA,amazon,https://www.amazon.com/Liquid-I-V-Multiplier-Electrolyte-Supplement/dp/B07HCNM7KQ,"https://m.media-amazon.com/images/I/81-vZLNca5L._AC_SX466_PIbundle-16,TopRight,0,0_SH20_.jpg"
TheraCran One Cranberry Supplement | 36mg PACs Per Capsule | 90 Day Supply | Cranberry Extract Supports Urinary Tract Health,92.0,1,4.8 out of 5 stars,NA,amazon,https://www.amazon.com/TheraCran-Cranberry-Supplement-Capsule-Supports/dp/B06WGSJG33,https://m.media-amazon.com/images/I/71T2x4QVGIL._AC_SX466_.jpg
COLAVITA Italian Crushed Tomatoes Tetra Recart Box Sustainable Packaging 13.76 Ounce (Pack of 16),NA,1,4.7 out of 5 stars,,"
",https://www.amazon.com/Colavita-Italian-Crushed-Tomatoes-Recart/dp/B077K8J467,"https://m.media-amazon.com/images/I/81iaTymcmKL._SX522_PIbundle-16,TopRight,0,0_AA522SH20_.jpg"
Optimum Nutrition Gold Standard 100% Whey Protein Powder Double Rich Chocolate 5 Pound (Packaging May Vary),NA,1,4.7 out of 5 stars,,"
",https://www.amazon.com/Optimum-Nutrition-Standard-Protein-Chocolate/dp/B000QSNYGI,https://m.media-amazon.com/images/I/61u-qC6Z-mL._AC_SX569_.jpg
Mushroom Powder Extract - The 8 Mushrooms Supplement Blend for Coffee & Smoothie | Lion's Mane Cordyceps Chaga Reishi Shiitake Turkey Tail Maitake Complex,NA,1,4.5 out of 5 stars,Currently unavailable.,"
",https://www.amazon.com/Mushroom-Powder-Extract-Mushrooms-Supplement/dp/B08L38CPJH,https://m.media-amazon.com/images/I/81s3x5k0G6L._AC_SX466_.jpg
Hidden Valley Original Ranch Spicy Salad Dressing & Seasoning Mix Canister Gluten Free - 8 Ounce Canister,NA,1,4.6 out of 5 stars,,"
",https://www.amazon.com/Hidden-Valley-Original-Dressing-Seasoning/dp/B08WJW6MKB,https://m.media-amazon.com/images/I/81m252A3+ZL._SY445_.jpg
Country Farms Super Green Drink Mix Natural 10.6 Ounce (Packaging may vary),NA,1,4.4 out of 5 stars,,"
",https://www.amazon.com/Country-Farms-Greens-Natural-Organic/dp/B011D76R82,https://m.media-amazon.com/images/I/81zF+Ll83wL._AC_SX679_.jpg
OXO Good Grips Salad Chopper With Bowl,28.95,1,4.7 out of 5 stars,In Stock.,amazon,https://www.amazon.com/OXO-Good-Grips-Salad-Chopper/dp/B001AEH634,https://m.media-amazon.com/images/I/51ScVxl+9fL._AC_SX679_.jpg
GoGo squeeZ Organic Fruit on the Go Variety Pack Apple/Banana/Strawberry 3.2 oz. (12 Pouches) - Made from Organic Apples Bananas & Strawberries - Gluten Free Snacks - Nut & Dairy Free - Vegan Snack,NA,1,4.8 out of 5 stars,Temporarily out of stock.,"
",https://www.amazon.com/GoGo-Applesauce-Strawberry-Unsweetened-Recloseable/dp/B07C341MRK,https://m.media-amazon.com/images/I/81dKRjAmd9L._SX425_.jpg
Karat 8oz PET Hinged Deli Container - 200 ct,NA,1,4.4 out of 5 stars,Currently unavailable.,"
",https://www.amazon.com/Karat-8oz-Hinged-Deli-Container/dp/B07X1TPNXT,https://m.media-amazon.com/images/I/51BXwndSfkL._SX425_.jpg
3200+ Non-GMO Lettuce Seeds for Planting - 8 Individual Heirloom Salad Vegetable- Romaine LettuceRed&Green Leaf Lettuce Buttercrunch Lettuce Escarole Batavia Lettuce Frisee Loose Leaf Iceburg,NA,1,4.5 out of 5 stars,Currently unavailable.,"
",https://www.amazon.com/3200-Non-GMO-Lettuce-Seeds-Planting/dp/B09QYQT17G,https://m.media-amazon.com/images/I/81qoaSKvTyL._AC_SX466_.jpg
Mutti Crushed Tomatoes (Polpa) 28 oz. | 6 Pack | Italy’s #1 Brand of Tomatoes | Fresh Taste for Cooking | Canned Tomatoes | Vegan Friendly & Gluten Free | No Additives or Preservatives,33.0,1,4.5 out of 5 stars,NA,amazon,https://www.amazon.com/Mutti-Chopped-Tomatoes-recipes-calling/dp/B07QCZ9NFJ,"https://m.media-amazon.com/images/I/713XL1YswrL._SX522_PIbundle-6,TopRight,0,0_AA522SH20_.jpg"
Neatness Large Salad Spinner with Drain Bowl and Colander - Quick and Easy Multi-Use Lettuce Spinner Vegetable Dryer Fruit Washer Pasta and Fries Spinner - 5.28 Qt,26.99,1,4.6 out of 5 stars,NA,amazon,https://www.amazon.com/Neatness-Large-Salad-Spinner-Colander/dp/B09P2WRKMN,https://m.media-amazon.com/images/I/81juSKjyq2L._AC_SY355_.jpg
